USE Airline;

-- Дозволяє вставляти Id
SET IDENTITY_INSERT tblCustomer ON

GO

INSERT INTO
	tblCustomer(Id, FirstName, Surname, Birthdate, Country, Comment)
VALUES  
	(1, 'Volodia', 'Teodorovych', '1994-06-03', 'Ukraine', NULL),
	(2, 'Petro', 'Romaniv', '1994-03-11', 'Ukraine', NULL),
	(3, 'Igor', 'Sosnovskyy', '1993-11-13', 'Ukraine', NULL),
	(4, 'Roman', 'Doskoch', '1993-09-12', 'Ukraine', NULL),
	(5, 'Richie', 'Sambora', '1959-07-11', 'USA', NULL),
	(6, 'Taras', 'Topolya', '1973-05-02', 'Poland', NULL),
	(7, 'Johnny', 'Depp', '1963-06-09', 'USA', NULL),
	(8, 'Paul', 'Mccartney', '1942-06-18', 'UK', NULL),
	(9, 'Vitalik', 'Halamaj', '1993-10-12', 'Ukraine', NULL),
	(10, 'Oleg', 'Pavlicha', '1995-08-07', 'Ukraine', NULL),
	(11, 'Julia', 'Ivashko', '1993-04-13', 'Ukraine', NULL),
	(12, 'Victor', 'Valdes', '1982-01-14', 'Spain', NULL),
	(13, 'Carles', 'Puyol', '1978-04-13', 'Spain', NULL),
	(14, 'Jon', 'Bon Jovi', '1962-03-02', 'USA', 'Bon Jovi Band Leader'),
	(15, 'Olena', 'Savinova', '1976-05-12', 'Poland', NULL);
	
GO

SET IDENTITY_INSERT tblCustomer OFF

-------------

SET IDENTITY_INSERT tblFlight ON

GO

INSERT INTO 
	tblFlight(Id, DepartureTime, ArrivalTime, Departure, Destination, Cost, SeatsCount)
VALUES
	(1, '2015-04-30 09:20', '2015-04-30 10:30', 'Lviv', 'Kyiv', 1200, 0),
	(2, '2015-04-30 15:00', '2015-04-30 17:00', 'Lviv', 'Warsaw', 3500, 0),
	(3, '2015-04-30 08:20', '2015-04-30 11:15', 'Lviv', 'Venice', 1050, 0),
	(4, '2015-04-30 14:30', '2015-04-30 17:35', 'Lviv', 'Dortmund', 1368, 0),
	(5, '2015-04-30 08:15', '2015-04-30 11:20', 'Lviv', 'Milan', 1050, 0);

GO

SET IDENTITY_INSERT tblFlight OFF

--DELETE FROM tblFlight

SET IDENTITY_INSERT tblReservation ON
GO
INSERT INTO
tblReservation(Id, Seat, FlightId, CustomerId, [Status], Cost)
VALUES
(1, '1-A', 1, 2,1,1200),
(2, '2-B', 1, 12,1,1200),
(3, '3-A', 1, 4,1,1200),
(4, '4-C', 1, 1,1,1200),
(5, '5-A', 1, 8,1,1200),
(6, '6-B', 1, 9,1,1200),
(7, '7-C', 1, 2,1,1200),
(8, '8-A', 1, 1,1,1200),
(9, '9-A', 1, 12,1,1200),
(10, '10-B', 1, 7,1,1200),
(11, '11-C', 1, 5,1,1200),
(12, '12-C', 1, 3,1,1200),
(13, '13-C', 1, 6,1,1200),
(14, '14-A', 1, 13,1,1200),
(15, '15-A', 1, 10,1,1200),
(16, '16-A', 1, 7,1,1200),
(17, '17-A', 1, 6,1,1200),
(18, '18-B', 1, 1,1,1200),
(19, '19-C', 1, 10,1,1200),
(20, '20-A', 1, 7,1,1200),
(21, '1-C', 2, 6,1,3500),
(22, '2-C', 2, 3,1,3500),
(23, '3-B', 2, 13,1,3500),
(24, '4-A', 2, 8,1,3500),
(25, '5-A', 2, 14,1,3500),
(26, '6-A', 2, 3,1,3500),
(27, '7-A', 2, 12,1,3500),
(28, '8-C', 2, 13,1,3500),
(29, '9-A', 2, 7,1,3500),
(30, '10-A', 2, 15,1,3500),
(31, '11-C', 2, 14,1,3500),
(32, '12-A', 2, 9,1,3500),
(33, '13-B', 2, 14,1,3500),
(34, '14-A', 2, 10,1,3500),
(35, '15-B', 2, 5,1,3500),
(36, '16-A', 2, 9,1,3500),
(37, '17-C', 2, 15,1,3500),
(38, '18-B', 2, 9,1,3500),
(39, '19-B', 2, 11,1,3500),
(40, '20-C', 2, 14,1,3500),
(41, '1-A', 3, 12,1,1050),
(42, '2-B', 3, 2,1,1050),
(43, '3-B', 3, 14,1,1050),
(44, '4-A', 3, 7,1,1050),
(45, '5-B', 3, 12,1,1050),
(46, '6-C', 3, 5,1,1050),
(47, '7-B', 3, 3,1,1050),
(48, '8-B', 3, 15,1,1050),
(49, '9-B', 3, 4,1,1050),
(50, '10-C', 3, 7,1,1050),
(51, '11-B', 3, 10,1,1050),
(52, '12-C', 3, 1,1,1050),
(53, '13-B', 3, 9,1,1050),
(54, '14-B', 3, 3,1,1050),
(55, '15-A', 3, 5,1,1050),
(56, '16-B', 3, 9,1,1050),
(57, '17-B', 3, 3,1,1050),
(58, '18-C', 3, 4,1,1050),
(59, '19-B', 3, 14,1,1050),
(60, '20-A', 3, 10,1,1050),
(61, '1-B', 4, 13,1,1368),
(62, '2-A', 4, 12,1,1368),
(63, '3-B', 4, 1,1,1368),
(64, '4-C', 4, 9,1,1368),
(65, '5-B', 4, 11,1,1368),
(66, '6-A', 4, 4,1,1368),
(67, '7-C', 4, 6,1,1368),
(68, '8-B', 4, 8,1,1368),
(69, '9-C', 4, 8,1,1368),
(70, '10-B', 4, 14,1,1368),
(71, '11-B', 4, 2,1,1368),
(72, '12-A', 4, 4,1,1368),
(73, '13-B', 4, 3,1,1368),
(74, '14-C', 4, 7,1,1368),
(75, '15-A', 4, 4,1,1368),
(76, '16-B', 4, 8,1,1368),
(77, '17-A', 4, 2,1,1368),
(78, '18-C', 4, 11,1,1368),
(79, '19-B', 4, 4,1,1368),
(80, '20-B', 4, 9,1,1368),
(81, '1-B', 5, 15,1,1050),
(82, '2-C', 5, 8,1,1050),
(83, '3-A', 5, 3,1,1050),
(84, '4-B', 5, 4,1,1050),
(85, '5-C', 5, 5,1,1050),
(86, '6-B', 5, 13,1,1050),
(87, '7-B', 5, 3,1,1050),
(88, '8-A', 5, 7,1,1050),
(89, '9-B', 5, 13,1,1050),
(90, '10-B', 5, 7,1,1050),
(91, '11-A', 5, 8,1,1050),
(92, '12-A', 5, 5,1,1050),
(93, '13-A', 5, 11,1,1050),
(94, '14-A', 5, 14,1,1050),
(95, '15-B', 5, 10,1,1050),
(96, '16-C', 5, 8,1,1050),
(97, '17-A', 5, 14,1,1050),
(98, '18-A', 5, 7,1,1050),
(99, '19-B', 5, 12,1,1050),
(100, '20-A', 5, 4,1,1050);
GO
SET IDENTITY_INSERT tblReservation OFF



--DELETE FROM tblReservation;
--SELECT GETDATE();